{"cameraMode":{"drawMode":0,"name":"Shaded","section":"Shading Mode"},"sceneLighting":false,"audioPlay":false,"sceneViewState":{"showFog":false,"showMaterialUpdate":false,"showSkybox":false,"showFlares":false,"showImageEffects":false,"showParticleSystems":true},"in2DMode":false,"pivot":{"x":-0.49976587295532229,"y":0.499999463558197,"z":0.49976491928100588},"rotation":{"x":-0.5561138987541199,"y":-0.015447095967829228,"z":0.010338484309613705,"w":-0.8308982253074646},"size":35.091102600097659,"orthographic":false}