{"cameraMode":{"drawMode":0,"name":"Shaded","section":"Shading Mode"},"sceneLighting":false,"audioPlay":false,"sceneViewState":{"showFog":false,"showMaterialUpdate":false,"showSkybox":false,"showFlares":false,"showImageEffects":false,"showParticleSystems":true},"in2DMode":false,"pivot":{"x":76.76205444335938,"y":-73.6292724609375,"z":156.04324340820313},"rotation":{"x":0.2713615596294403,"y":-0.010701133869588375,"z":0.0030177789740264417,"w":0.9624133110046387},"size":170.49923706054688,"orthographic":false}