{"cameraMode":{"drawMode":0,"name":"Shaded","section":"Shading Mode"},"sceneLighting":true,"audioPlay":false,"sceneViewState":{"showFog":false,"showMaterialUpdate":false,"showSkybox":false,"showFlares":false,"showImageEffects":false,"showParticleSystems":true},"in2DMode":false,"pivot":{"x":-4.043554306030273,"y":-34.00591278076172,"z":192.14837646484376},"rotation":{"x":0.09430532902479172,"y":-0.05672120675444603,"z":0.0053818803280591969,"w":0.993911623954773},"size":198.73500061035157,"orthographic":false}