{"cameraMode":{"drawMode":0,"name":"Shaded","section":"Shading Mode"},"sceneLighting":true,"audioPlay":false,"sceneViewState":{"showFog":false,"showMaterialUpdate":false,"showSkybox":false,"showFlares":false,"showImageEffects":false,"showParticleSystems":true},"in2DMode":false,"pivot":{"x":70.89327239990235,"y":-25.295019149780275,"z":103.79595184326172},"rotation":{"x":0.11776212602853775,"y":0.2379646897315979,"z":-0.0290797408670187,"w":0.9636697173118591},"size":123.506591796875,"orthographic":false}