{"cameraMode":{"drawMode":0,"name":"Shaded","section":"Shading Mode"},"sceneLighting":true,"audioPlay":false,"sceneViewState":{"showFog":false,"showMaterialUpdate":false,"showSkybox":false,"showFlares":false,"showImageEffects":false,"showParticleSystems":true},"in2DMode":false,"pivot":{"x":77.2082748413086,"y":-41.534423828125,"z":106.64653015136719},"rotation":{"x":-0.2566918432712555,"y":0.0028985480312258007,"z":-0.0007700806600041688,"w":-0.9664887189865112},"size":155.52044677734376,"orthographic":false}