{"cameraMode":{"drawMode":0,"name":"Shaded","section":"Shading Mode"},"sceneLighting":true,"audioPlay":false,"sceneViewState":{"showFog":false,"showMaterialUpdate":false,"showSkybox":false,"showFlares":false,"showImageEffects":false,"showParticleSystems":true},"in2DMode":false,"pivot":{"x":800.5584106445313,"y":-1928.1617431640625,"z":-0.13493967056274415},"rotation":{"x":0.39171361923217776,"y":0.5879889726638794,"z":-0.3900451362133026,"w":0.590503454208374},"size":2139.65380859375,"orthographic":false}