{"cameraMode":{"drawMode":0,"name":"Shaded","section":"Shading Mode"},"sceneLighting":true,"audioPlay":false,"sceneViewState":{"showFog":false,"showMaterialUpdate":false,"showSkybox":false,"showFlares":false,"showImageEffects":false,"showParticleSystems":true},"in2DMode":false,"pivot":{"x":-11.223587989807129,"y":-33.261322021484378,"z":262.9052429199219},"rotation":{"x":-0.07134091109037399,"y":0.052655335515737537,"z":-0.0037714571226388218,"w":-0.9960540533065796},"size":251.46469116210938,"orthographic":false}