{"cameraMode":{"drawMode":0,"name":"Shaded","section":"Shading Mode"},"sceneLighting":false,"audioPlay":false,"sceneViewState":{"showFog":false,"showMaterialUpdate":false,"showSkybox":false,"showFlares":false,"showImageEffects":false,"showParticleSystems":true},"in2DMode":false,"pivot":{"x":9.999999046325684,"y":3.911098003387451,"z":9.856274604797364},"rotation":{"x":-0.20235559344291688,"y":0.05578573793172836,"z":-0.011546810157597065,"w":-0.9776537418365479},"size":75.46617126464844,"orthographic":false}