{"cameraMode":{"drawMode":0,"name":"Shaded","section":"Shading Mode"},"sceneLighting":true,"audioPlay":false,"sceneViewState":{"showFog":false,"showMaterialUpdate":false,"showSkybox":false,"showFlares":false,"showImageEffects":false,"showParticleSystems":true},"in2DMode":false,"pivot":{"x":2.0408935546875,"y":-55.48371505737305,"z":64.09192657470703},"rotation":{"x":0.3627808392047882,"y":-0.061445534229278567,"z":0.023980965837836267,"w":0.9295372366905212},"size":103.45790100097656,"orthographic":false}