{"cameraMode":{"drawMode":0,"name":"Shaded","section":"Shading Mode"},"sceneLighting":false,"audioPlay":false,"sceneViewState":{"showFog":false,"showMaterialUpdate":false,"showSkybox":false,"showFlares":false,"showImageEffects":false,"showParticleSystems":true},"in2DMode":false,"pivot":{"x":-25.774892807006837,"y":-16.462568283081056,"z":37.51997756958008},"rotation":{"x":-0.18626080453395844,"y":0.2954436242580414,"z":-0.05884426832199097,"w":-0.935177743434906},"size":53.21228790283203,"orthographic":false}