{"cameraMode":{"drawMode":0,"name":"Shaded","section":"Shading Mode"},"sceneLighting":false,"audioPlay":false,"sceneViewState":{"showFog":false,"showMaterialUpdate":false,"showSkybox":false,"showFlares":false,"showImageEffects":false,"showParticleSystems":true},"in2DMode":false,"pivot":{"x":14.68807601928711,"y":10.42296314239502,"z":140.82052612304688},"rotation":{"x":0.19347697496414185,"y":0.7700732350349426,"z":-0.27475112676620486,"w":0.5422782301902771},"size":22.0,"orthographic":false}